image	note
gitea/gitea:latest	self-hosted git for the agents
qdrant/qdrant:latest	vector db
chromadb/chroma:latest	vector db
quay.io/jupyter/scipy-notebook:latest	notebooks
pgvector/pgvector:pg17	postgres + vectors
postgres:17	
redis:7	
nginx:stable	
ollama/ollama:latest	model runner
ghcr.io/open-webui/open-webui:main	chat front
infiniflow/ragflow:nightly-slim	RAG app
valkey/valkey:8	
ghcr.io/peonist-ai/halogen-flash-server:0.16.0	halogen: closed-binary engine for Qwen3.8-Flash-Next on Strix Halo gfx1151 only (ROCm bundled, ~0.9 GB); loads unsloth UD-IQ4_XS GGUF losslessly + its own 1.4 GiB draft head; EULA permits unmodified mirroring; wants the whole box (12 GB left)
